{"cameraMode":{"drawMode":0,"name":"Shaded","section":"Shading Mode"},"sceneLighting":false,"audioPlay":false,"sceneViewState":{"showFog":true,"showMaterialUpdate":false,"showSkybox":false,"showFlares":true,"showImageEffects":true,"showParticleSystems":true},"in2DMode":false,"pivot":{"x":0.09987258911132813,"y":20.20331573486328,"z":0.104736328125},"rotation":{"x":-0.2768172323703766,"y":0.5794951915740967,"z":-0.21836277842521668,"w":-0.7348151803016663},"size":9.337889671325684,"orthographic":false}