{"cameraMode":{"drawMode":0,"name":"Shaded","section":"Shading Mode"},"sceneLighting":false,"audioPlay":false,"sceneViewState":{"showFog":true,"showMaterialUpdate":false,"showSkybox":false,"showFlares":true,"showImageEffects":true,"showParticleSystems":true},"in2DMode":false,"pivot":{"x":-0.6694314479827881,"y":3.3279871940612795,"z":2.0803327560424806},"rotation":{"x":0.02261505275964737,"y":0.9739603996276856,"z":-0.11332357674837113,"w":0.19541451334953309},"size":6.865519046783447,"orthographic":false}