{"cameraMode":{"drawMode":0,"name":"Shaded","section":"Shading Mode"},"sceneLighting":false,"audioPlay":false,"sceneViewState":{"showFog":true,"showMaterialUpdate":false,"showSkybox":false,"showFlares":true,"showImageEffects":true,"showParticleSystems":true},"in2DMode":false,"pivot":{"x":0.09987258911132813,"y":20.203311920166017,"z":0.10474491119384766},"rotation":{"x":-0.3295533359050751,"y":0.5977275371551514,"z":-0.29454660415649416,"w":-0.6689037084579468},"size":15.254039764404297,"orthographic":false}