{"cameraMode":{"drawMode":0,"name":"Shaded","section":"Shading Mode"},"sceneLighting":false,"audioPlay":false,"sceneViewState":{"showFog":true,"showMaterialUpdate":false,"showSkybox":false,"showFlares":true,"showImageEffects":true,"showParticleSystems":true},"in2DMode":false,"pivot":{"x":0.0,"y":4.680538654327393,"z":0.16541361808776856},"rotation":{"x":-0.002587549854069948,"y":0.997197687625885,"z":-0.03771403804421425,"w":-0.0659104585647583},"size":5.630949020385742,"orthographic":false}