{"cameraMode":{"drawMode":0,"name":"Shaded","section":"Shading Mode"},"sceneLighting":true,"audioPlay":false,"sceneViewState":{"showFog":true,"showMaterialUpdate":false,"showSkybox":true,"showFlares":true,"showImageEffects":true,"showParticleSystems":true},"in2DMode":false,"pivot":{"x":-4.690299987792969,"y":-2.675884246826172,"z":-2.5831947326660158},"rotation":{"x":-0.2520201802253723,"y":0.6224704384803772,"z":-0.22175443172454835,"w":-0.7071207761764526},"size":34.99070739746094,"orthographic":false}