{"cameraMode":{"drawMode":0,"name":"Shaded","section":"Shading Mode"},"sceneLighting":false,"audioPlay":false,"sceneViewState":{"showFog":true,"showMaterialUpdate":false,"showSkybox":false,"showFlares":true,"showImageEffects":true,"showParticleSystems":true},"in2DMode":false,"pivot":{"x":-0.6474523544311523,"y":4.429999828338623,"z":0.8270683288574219},"rotation":{"x":0.16765901446342469,"y":-0.8051161170005798,"z":0.269313246011734,"w":0.5011671781539917},"size":7.621437072753906,"orthographic":false}