{"cameraMode":{"drawMode":0,"name":"Shaded","section":"Shading Mode"},"sceneLighting":false,"audioPlay":false,"sceneViewState":{"showFog":true,"showMaterialUpdate":false,"showSkybox":false,"showFlares":true,"showImageEffects":true,"showParticleSystems":true},"in2DMode":false,"pivot":{"x":-0.2376537322998047,"y":0.057750701904296878,"z":-1.8358179330825806},"rotation":{"x":-0.09748954325914383,"y":0.6676170825958252,"z":-0.08888710290193558,"w":-0.732764720916748},"size":3.592723846435547,"orthographic":false}